Name,Time
Elon,10:29:11
ELONMUSK,10:31:45
ELONMUSK,10:31:45
BILL GATES,10:32:33
BILL GATES,10:32:33
BILL GATES,10:32:33
BILL GATES,10:32:33
BILL GATES,10:32:34
BILL GATES,10:32:34
BILL GATES,10:32:34
BILL GATES,10:32:34
BILL GATES,10:32:35
BILL GATES,10:32:35
BILL GATES,10:32:35
BILL GATES,10:32:35
BILL GATES,10:32:35
BILL GATES,10:32:35
BILL GATES,10:32:35
BILL GATES,10:32:35
BILL GATES,10:32:35
BILL GATES,10:32:35
BILL GATES,10:32:35
BILL GATES,10:32:35
BILL GATES,10:32:36
BILL GATES,10:32:36
BILL GATES,10:32:36
BILL GATES,10:32:36
BILL GATES,10:32:36
BILL GATES,10:32:36
BILL GATES,10:32:36
BILL GATES,10:32:36
BILL GATES,10:32:37
BILL GATES,10:32:37
BILL GATES,10:32:37
BILL GATES,10:32:37
JACKMA,10:34:11
JACKMA,10:34:11
JACKMA,10:34:11
JACKMA,10:34:11
JACKMA,10:34:11
JACKMA,10:34:11
JACKMA,10:34:11
JACKMA,10:34:11
JACKMA,10:34:11
JACKMA,10:34:11
JACKMA,10:34:11
JACKMA,10:34:11
JACKMA,10:34:11
JACKMA,10:34:11
JACKMA,10:34:11
JACKMA,10:34:11
JACKMA,10:34:11
JACKMA,10:34:11
JACKMA,10:34:11
JACKMA,10:34:11
JACKMA,10:34:11
JACKMA,10:34:11
JACKMA,10:34:11
JACKMA,10:34:11
JACKMA,10:34:11
JACKMA,10:34:11
JACKMA,10:34:11
JACKMA,10:34:11
JACKMA,10:34:11
JACKMA,10:34:11
JACKMA,10:34:11
JACKMA,10:34:11
JACKMA,10:34:11
JACKMA,10:34:11
JACKMA,10:34:11
JACKMA,10:34:11
JACKMA,10:34:12
JACKMA,10:34:12
JACKMA,10:34:12
JACKMA,10:34:12
JACKMA,10:34:12
JACKMA,10:34:12
JACKMA,10:34:12
JACKMA,10:34:12
JACKMA,10:34:12
JACKMA,10:34:12
JACKMA,10:34:12
JACKMA,10:34:12
JACKMA,10:34:12
JACKMA,10:34:12
JACKMA,10:34:12
JACKMA,10:34:12
JACKMA,10:34:12
JACKMA,10:34:12
JACKMA,10:34:12
JACKMA,10:34:12
JACKMA,10:34:12
JACKMA,10:34:12
JACKMA,10:34:12
JACKMA,10:34:12
JACKMA,10:34:12
JACKMA,10:34:12
JACKMA,10:34:12
JACKMA,10:34:12
JACKMA,10:34:12
JACKMA,10:34:12
JACKMA,10:34:12
JACKMA,10:34:12
JACKMA,10:34:12
JACKMA,10:34:12
JACKMA,10:34:12
JACKMA,10:34:12
JACKMA,10:34:14
JACKMA,10:34:14
JACKMA,10:34:14
JACKMA,10:34:14
JACKMA,10:34:14
JACKMA,10:34:14
JACKMA,10:34:14
JACKMA,10:34:14
JACKMA,10:34:14
JACKMA,10:34:14
JACKMA,10:34:14
JACKMA,10:34:14
JACKMA,10:34:14
JACKMA,10:34:14
JACKMA,10:34:14
JACKMA,10:34:14
JACKMA,10:34:14
JACKMA,10:34:14
JACKMA,10:34:14
JACKMA,10:34:14
JACKMA,10:34:14
JACKMA,10:34:14
JACKMA,10:34:14
JACKMA,10:34:14
JACKMA,10:34:14
JACKMA,10:34:14
JACKMA,10:34:14
JACKMA,10:34:14
JACKMA,10:34:14
JACKMA,10:34:14
JACKMA,10:34:14
JACKMA,10:34:14
JACKMA,10:34:14
JACKMA,10:34:14
JACKMA,10:34:14
JACKMA,10:34:14
JACKMA,10:34:15
JACKMA,10:34:15
JACKMA,10:34:15
JACKMA,10:34:15
JACKMA,10:34:15
JACKMA,10:34:15
JACKMA,10:34:15
JACKMA,10:34:15
JACKMA,10:34:15
JACKMA,10:34:15
JACKMA,10:34:15
JACKMA,10:34:15
JACKMA,10:34:15
JACKMA,10:34:15
JACKMA,10:34:15
JACKMA,10:34:15
JACKMA,10:34:15
JACKMA,10:34:15
JACKMA,10:34:15
JACKMA,10:34:15
JACKMA,10:34:15
JACKMA,10:34:15
JACKMA,10:34:15
JACKMA,10:34:15
JACKMA,10:34:15
JACKMA,10:34:15
JACKMA,10:34:15
JACKMA,10:34:15
JACKMA,10:34:15
JACKMA,10:34:15
JACKMA,10:34:15
JACKMA,10:34:15
JACKMA,10:34:15
JACKMA,10:34:15
JACKMA,10:34:15
JACKMA,10:34:15
JACKMA,10:34:15
JACKMA,10:34:15
JACKMA,10:34:15
JACKMA,10:34:15
JACKMA,10:34:15
JACKMA,10:34:15
JACKMA,10:34:15
JACKMA,10:34:15
JACKMA,10:34:15
JACKMA,10:34:15
JACKMA,10:34:15
JACKMA,10:34:15
JACKMA,10:34:15
JACKMA,10:34:15
JACKMA,10:34:15
JACKMA,10:34:15
JACKMA,10:34:15
JACKMA,10:34:15
JACKMA,10:34:15
JACKMA,10:34:15
JACKMA,10:34:15
JACKMA,10:34:15
JACKMA,10:34:15
JACKMA,10:34:15
JACKMA,10:34:15
JACKMA,10:34:15
JACKMA,10:34:15
JACKMA,10:34:15
JACKMA,10:34:15
JACKMA,10:34:15
JACKMA,10:34:15
JACKMA,10:34:15
JACKMA,10:34:15
JACKMA,10:34:15
JACKMA,10:34:15
JACKMA,10:34:15
JACKMA,10:34:16
JACKMA,10:34:16
JACKMA,10:34:16
JACKMA,10:34:16
JACKMA,10:34:16
JACKMA,10:34:16
JACKMA,10:34:16
JACKMA,10:34:16
JACKMA,10:34:16
JACKMA,10:34:16
JACKMA,10:34:16
JACKMA,10:34:16
JACKMA,10:34:16
JACKMA,10:34:16
JACKMA,10:34:16
JACKMA,10:34:16
JACKMA,10:34:16
JACKMA,10:34:16
JACKMA,10:34:16
JACKMA,10:34:16
JACKMA,10:34:16
JACKMA,10:34:16
JACKMA,10:34:16
JACKMA,10:34:16
JACKMA,10:34:16
JACKMA,10:34:16
JACKMA,10:34:16
JACKMA,10:34:16
JACKMA,10:34:16
JACKMA,10:34:16
JACKMA,10:34:16
JACKMA,10:34:16
JACKMA,10:34:16
JACKMA,10:34:16
JACKMA,10:34:16
JACKMA,10:34:16
JACKMA,10:34:16
JACKMA,10:34:16
JACKMA,10:34:16
JACKMA,10:34:16
JACKMA,10:34:16
JACKMA,10:34:16
JACKMA,10:34:16
JACKMA,10:34:16
JACKMA,10:34:16
JACKMA,10:34:16
JACKMA,10:34:16
JACKMA,10:34:16
JACKMA,10:34:16
JACKMA,10:34:16
JACKMA,10:34:16
JACKMA,10:34:16
JACKMA,10:34:16
JACKMA,10:34:16
JACKMA,10:34:16
JACKMA,10:34:16
JACKMA,10:34:16
JACKMA,10:34:16
JACKMA,10:34:16
JACKMA,10:34:16
JACKMA,10:34:16
JACKMA,10:34:16
JACKMA,10:34:16
JACKMA,10:34:16
JACKMA,10:34:16
JACKMA,10:34:16
JACKMA,10:34:16
JACKMA,10:34:16
JACKMA,10:34:16
JACKMA,10:34:16
JACKMA,10:34:16
JACKMA,10:34:16
JACKMA,10:34:17
JACKMA,10:34:17
JACKMA,10:34:17
JACKMA,10:34:17
JACKMA,10:34:17
JACKMA,10:34:17
JACKMA,10:34:17
JACKMA,10:34:17
JACKMA,10:34:17
JACKMA,10:34:17
JACKMA,10:34:17
JACKMA,10:34:17
JACKMA,10:34:17
JACKMA,10:34:17
JACKMA,10:34:17
JACKMA,10:34:17
JACKMA,10:34:17
JACKMA,10:34:17
JACKMA,10:34:17
JACKMA,10:34:17
JACKMA,10:34:17
JACKMA,10:34:17
JACKMA,10:34:17
JACKMA,10:34:17
JACKMA,10:34:17
JACKMA,10:34:17
JACKMA,10:34:17
JACKMA,10:34:17
JACKMA,10:34:17
JACKMA,10:34:17
JACKMA,10:34:17
JACKMA,10:34:17
JACKMA,10:34:17
JACKMA,10:34:17
JACKMA,10:34:17
JACKMA,10:34:17
JACKMA,10:34:17
JACKMA,10:34:17
JACKMA,10:34:17
JACKMA,10:34:17
JACKMA,10:34:17
JACKMA,10:34:17
JACKMA,10:34:17
JACKMA,10:34:17
JACKMA,10:34:17
JACKMA,10:34:17
JACKMA,10:34:17
JACKMA,10:34:17
JACKMA,10:34:17
JACKMA,10:34:17
JACKMA,10:34:17
JACKMA,10:34:17
JACKMA,10:34:17
JACKMA,10:34:17
JACKMA,10:34:17
JACKMA,10:34:17
JACKMA,10:34:17
JACKMA,10:34:17
JACKMA,10:34:17
JACKMA,10:34:17
JACKMA,10:34:17
JACKMA,10:34:17
JACKMA,10:34:17
JACKMA,10:34:17
JACKMA,10:34:17
JACKMA,10:34:17
JACKMA,10:34:17
JACKMA,10:34:17
JACKMA,10:34:17
JACKMA,10:34:17
JACKMA,10:34:17
JACKMA,10:34:17
JACKMA,10:34:17
JACKMA,10:34:17
JACKMA,10:34:17
JACKMA,10:34:17
JACKMA,10:34:17
JACKMA,10:34:17
JACKMA,10:34:17
JACKMA,10:34:17
JACKMA,10:34:17
JACKMA,10:34:17
JACKMA,10:34:17
JACKMA,10:34:17
JACKMA,10:34:17
JACKMA,10:34:17
JACKMA,10:34:17
JACKMA,10:34:17
JACKMA,10:34:17
JACKMA,10:34:17
JACKMA,10:34:17
JACKMA,10:34:17
JACKMA,10:34:17
JACKMA,10:34:17
JACKMA,10:34:17
JACKMA,10:34:17
JACKMA,10:34:17
JACKMA,10:34:17
JACKMA,10:34:17
JACKMA,10:34:17
JACKMA,10:34:17
JACKMA,10:34:17
JACKMA,10:34:17
JACKMA,10:34:17
JACKMA,10:34:17
JACKMA,10:34:17
JACKMA,10:34:17
JACKMA,10:34:17
JACKMA,10:34:18
JACKMA,10:34:18
JACKMA,10:34:18
JACKMA,10:34:18
JACKMA,10:34:18
JACKMA,10:34:18
JACKMA,10:34:18
JACKMA,10:34:18
JACKMA,10:34:18
JACKMA,10:34:18
JACKMA,10:34:18
JACKMA,10:34:18
JACKMA,10:34:18
JACKMA,10:34:18
JACKMA,10:34:18
JACKMA,10:34:18
JACKMA,10:34:18
JACKMA,10:34:18
JACKMA,10:34:18
JACKMA,10:34:18
JACKMA,10:34:18
JACKMA,10:34:18
JACKMA,10:34:18
JACKMA,10:34:18
JACKMA,10:34:18
JACKMA,10:34:18
JACKMA,10:34:18
JACKMA,10:34:18
JACKMA,10:34:18
JACKMA,10:34:18
JACKMA,10:34:18
JACKMA,10:34:18
JACKMA,10:34:18
JACKMA,10:34:18
JACKMA,10:34:18
JACKMA,10:34:18
JACKMA,10:34:18
JACKMA,10:34:18
JACKMA,10:34:18
JACKMA,10:34:18
JACKMA,10:34:18
JACKMA,10:34:18
JACKMA,10:34:18
JACKMA,10:34:18
JACKMA,10:34:18
JACKMA,10:34:18
JACKMA,10:34:18
JACKMA,10:34:18
JACKMA,10:34:18
JACKMA,10:34:18
JACKMA,10:34:18
JACKMA,10:34:18
JACKMA,10:34:18
JACKMA,10:34:18
JACKMA,10:34:18
JACKMA,10:34:18
JACKMA,10:34:18
JACKMA,10:34:18
JACKMA,10:34:18
JACKMA,10:34:18
JACKMA,10:34:18
JACKMA,10:34:18
JACKMA,10:34:18
JACKMA,10:34:18
JACKMA,10:34:18
JACKMA,10:34:18
JACKMA,10:34:18
JACKMA,10:34:18
JACKMA,10:34:18
JACKMA,10:34:18
JACKMA,10:34:18
JACKMA,10:34:18
JACKMA,10:34:19
JACKMA,10:34:19
JACKMA,10:34:19
JACKMA,10:34:19
JACKMA,10:34:19
JACKMA,10:34:19
JACKMA,10:34:19
JACKMA,10:34:19
JACKMA,10:34:19
JACKMA,10:34:19
JACKMA,10:34:19
JACKMA,10:34:19
JACKMA,10:34:19
JACKMA,10:34:19
JACKMA,10:34:19
JACKMA,10:34:19
JACKMA,10:34:19
JACKMA,10:34:19
JACKMA,10:34:19
JACKMA,10:34:19
JACKMA,10:34:19
JACKMA,10:34:19
JACKMA,10:34:19
JACKMA,10:34:19
JACKMA,10:34:19
JACKMA,10:34:19
JACKMA,10:34:19
JACKMA,10:34:19
JACKMA,10:34:19
JACKMA,10:34:19
JACKMA,10:34:19
JACKMA,10:34:19
JACKMA,10:34:19
JACKMA,10:34:19
JACKMA,10:34:19
JACKMA,10:34:19
BILL GATES,10:45:09
BILL GATES,10:45:09
BILL GATES,10:45:09
BILL GATES,10:45:09
BILL GATES,10:45:10
BILL GATES,10:45:10
BILL GATES,10:45:10
BILL GATES,10:45:10
BILL GATES,10:45:10
BILL GATES,10:45:10
BILL GATES,10:45:10
BILL GATES,10:45:10
BILL GATES,10:45:11
BILL GATES,10:45:11
BILL GATES,10:45:11
BILL GATES,10:45:11
BILL GATES,10:45:12
BILL GATES,10:45:12
BILL GATES,10:45:12
BILL GATES,10:45:12
BILL GATES,10:45:12
BILL GATES,10:45:12
BILL GATES,10:45:12
BILL GATES,10:45:12
BILL GATES,10:45:13
BILL GATES,10:45:13
BILL GATES,10:45:13
BILL GATES,10:45:13
BILL GATES,10:45:14
BILL GATES,10:45:14
BILL GATES,10:45:14
BILL GATES,10:45:14
BILL GATES,10:45:14
BILL GATES,10:45:14
BILL GATES,10:45:14
BILL GATES,10:45:14
BILL GATES,10:45:15
BILL GATES,10:45:15
BILL GATES,10:45:15
BILL GATES,10:45:15
BILL GATES,10:45:15
BILL GATES,10:45:15
BILL GATES,10:45:15
BILL GATES,10:45:15
BILL GATES,10:45:16
BILL GATES,10:45:16
BILL GATES,10:45:16
BILL GATES,10:45:16
BILL GATES,10:45:17
BILL GATES,10:45:17
BILL GATES,10:45:17
BILL GATES,10:45:17
BILL GATES,10:45:17
BILL GATES,10:45:17
BILL GATES,10:45:17
BILL GATES,10:45:17